state,county,url
MT,Anaconda-Deer Lodge County,https://library.municode.com/mt/anaconda-deer_lodge_county
MT,Baker,https://library.municode.com/mt/baker
MT,Billings,https://library.municode.com/mt/billings
MT,Bozeman,https://library.municode.com/mt/bozeman
MT,Bridger,https://library.municode.com/mt/bridger
MT,Butte-Silver Bow County,https://library.municode.com/mt/butte-silver_bow_county
MT,Cascade,https://library.municode.com/mt/cascade
MT,Choteau,https://library.municode.com/mt/choteau
MT,Columbia Falls,https://library.municode.com/mt/columbia_falls
MT,Columbus,https://library.municode.com/mt/columbus
MT,Confederated Salish And Kootenai Tribes,https://library.municode.com/mt/confederated_salish_and_kootenai_tribes
MT,Culbertson,https://library.municode.com/mt/culbertson
MT,Glasgow,https://library.municode.com/mt/glasgow
MT,Great Falls,https://library.municode.com/mt/great_falls_
MT,Hamilton,https://library.municode.com/mt/hamilton
MT,Joliet,https://library.municode.com/mt/joliet
MT,Laurel,https://library.municode.com/mt/laurel
MT,Libby,https://library.municode.com/mt/libby
MT,Livingston,https://library.municode.com/mt/livingston
MT,Miles City,https://library.municode.com/mt/miles_city
MT,Missoula,https://library.municode.com/mt/missoula
MT,Polson,https://library.municode.com/mt/polson
MT,Roundup,https://library.municode.com/mt/roundup
MT,Stevensville,https://library.municode.com/mt/stevensville
MT,Townsend,https://library.municode.com/mt/townsend
MT,Troy,https://library.municode.com/mt/troy
MT,Twin Bridges,https://library.municode.com/mt/twin_bridges
MT,Whitehall,https://library.municode.com/mt/whitehall
MT,Wolf Point,https://library.municode.com/mt/wolf_point
