State,State Code,URL
Alabama,al,https://library.municode.com/al
Alaska,ak,https://library.municode.com/ak
Arizona,az,https://library.municode.com/az
Arkansas,ar,https://library.municode.com/ar
California,ca,https://library.municode.com/ca
Colorado,co,https://library.municode.com/co
Connecticut,ct,https://library.municode.com/ct
Delaware,de,https://library.municode.com/de
Florida,fl,https://library.municode.com/fl
Georgia,ga,https://library.municode.com/ga
Hawaii,hi,https://library.municode.com/hi
Idaho,id,https://library.municode.com/id
Illinois,il,https://library.municode.com/il
Indiana,in,https://library.municode.com/in
Iowa,ia,https://library.municode.com/ia
Kansas,ks,https://library.municode.com/ks
Kentucky,ky,https://library.municode.com/ky
Louisiana,la,https://library.municode.com/la
Maine,me,https://library.municode.com/me
Maryland,md,https://library.municode.com/md
Massachusetts,ma,https://library.municode.com/ma
Michigan,mi,https://library.municode.com/mi
Minnesota,mn,https://library.municode.com/mn
Mississippi,ms,https://library.municode.com/ms
Missouri,mo,https://library.municode.com/mo
Montana,mt,https://library.municode.com/mt
Nebraska,ne,https://library.municode.com/ne
Nevada,nv,https://library.municode.com/nv
New Hampshire,nh,https://library.municode.com/nh
New Jersey,nj,https://library.municode.com/nj
New Mexico,nm,https://library.municode.com/nm
New York,ny,https://library.municode.com/ny
North Carolina,nc,https://library.municode.com/nc
North Dakota,nd,https://library.municode.com/nd
Ohio,oh,https://library.municode.com/oh
Oklahoma,ok,https://library.municode.com/ok
Oregon,or,https://library.municode.com/or
Pennsylvania,pa,https://library.municode.com/pa
Rhode Island,ri,https://library.municode.com/ri
South Carolina,sc,https://library.municode.com/sc
South Dakota,sd,https://library.municode.com/sd
Tennessee,tn,https://library.municode.com/tn
Texas,tx,https://library.municode.com/tx
Utah,ut,https://library.municode.com/ut
Vermont,vt,https://library.municode.com/vt
Virginia,va,https://library.municode.com/va
Washington,wa,https://library.municode.com/wa
West Virginia,wv,https://library.municode.com/wv
Wisconsin,wi,https://library.municode.com/wi
Wyoming,wy,https://library.municode.com/wy
