county,url,link_text
Montgomery,https://library.municode.com/il/montgomery/codes/code_of_ordinances?nodeId=11273,Code of Ordinances
Montgomery,https://library.municode.com/il/montgomery/codes/code_of_ordinances?nodeId=COOR,Code of Ordinances
Montgomery,https://library.municode.com/il/montgomery/codes/code_of_ordinances?nodeId=SUHITA,SUPPLEMENT HISTORY TABLE
Montgomery,https://library.municode.com/il/montgomery/codes/code_of_ordinances?nodeId=COOR_CH1GEPR,Chapter 1 - GENERAL PROVISIONS
Montgomery,https://library.municode.com/il/montgomery/codes/code_of_ordinances?nodeId=COOR_CH2AD,Chapter 2 - ADMINISTRATION
Montgomery,https://library.municode.com/il/montgomery/codes/code_of_ordinances?nodeId=COOR_CH2_1-2ADBU,Chapter 2½ - ADULT BUSINESSES
Montgomery,https://library.municode.com/il/montgomery/codes/code_of_ordinances?nodeId=COOR_CH3ALBE,Chapter 3 - ALCOHOLIC BEVERAGES
Montgomery,https://library.municode.com/il/montgomery/codes/code_of_ordinances?nodeId=COOR_CH3_1-2AMDEBIPA,Chapter 3½ - AMUSEMENT DEVICES AND BILLIARD PARLORS
Montgomery,https://library.municode.com/il/montgomery/codes/code_of_ordinances?nodeId=COOR_CH3_3-4VIGA,Chapter 3¾ - VIDEO GAMING
Montgomery,https://library.municode.com/il/montgomery/codes/code_of_ordinances?nodeId=COOR_CH4ANFO,Chapter 4 - ANIMALS AND FOWL
Montgomery,https://library.municode.com/il/montgomery/codes/code_of_ordinances?nodeId=COOR_CH5AUAU,Chapter 5 - AUCTIONS AND AUCTIONEERS
Montgomery,https://library.municode.com/il/montgomery/codes/code_of_ordinances?nodeId=COOR_CH6BUCO,Chapter 6 - BUILDINGS AND CONSTRUCTION
Montgomery,https://library.municode.com/il/montgomery/codes/code_of_ordinances?nodeId=COOR_CH6_1-4COANTESY,Chapter 6¼ - COMMUNITY ANTENNA TELEVISION SYSTEM
Montgomery,https://library.municode.com/il/montgomery/codes/code_of_ordinances?nodeId=COOR_CH6_1-2EMSEDIAG,Chapter 6½ - EMERGENCY SERVICES AND DISASTER AGENCY
Montgomery,https://library.municode.com/il/montgomery/codes/code_of_ordinances?nodeId=COOR_CH6_1-32CAVICUPRLA,Chapter 61/32 - CABLE AND VIDEO CUSTOMER PROTECTION LAW
Montgomery,https://library.municode.com/il/montgomery/codes/code_of_ordinances?nodeId=COOR_CH6_1-16CAVISEPRFEPEACSUFE,Chapter 61/16 - CABLE/VIDEO SERVICE PROVIDER FEE AND PEG ACCESS SUPPORT FEE
Montgomery,https://library.municode.com/il/montgomery/codes/code_of_ordinances?nodeId=COOR_CH6.125CATERA,Chapter 6⅛ - CABLE TELEVISION RATES
Montgomery,https://library.municode.com/il/montgomery/codes/code_of_ordinances?nodeId=COOR_CH7EL,Chapter 7 - ELECTRICITY
Montgomery,https://library.municode.com/il/montgomery/codes/code_of_ordinances?nodeId=COOR_CH7_1-2ENCO,Chapter 7½ - ENERGY CONSERVATION
Montgomery,https://library.municode.com/il/montgomery/codes/code_of_ordinances?nodeId=COOR_CH8FIPRPR,Chapter 8 - FIRE PROTECTION AND PREVENTION
Montgomery,https://library.municode.com/il/montgomery/codes/code_of_ordinances?nodeId=COOR_CH8_1-4FI,Chapter 8¼ - FIREWORKS
Montgomery,https://library.municode.com/il/montgomery/codes/code_of_ordinances?nodeId=COOR_CH8_1-2FLHAPR,Chapter 8½ - FLOOD HAZARD PREVENTION
Montgomery,https://library.municode.com/il/montgomery/codes/code_of_ordinances?nodeId=COOR_CH9HESA,Chapter 9 - HEALTH AND SANITATION
Montgomery,https://library.municode.com/il/montgomery/codes/code_of_ordinances?nodeId=COOR_CH9_1-2HIPR,Chapter 9½ - HISTORIC PRESERVATION
Montgomery,https://library.municode.com/il/montgomery/codes/code_of_ordinances?nodeId=COOR_CH10JUJUDEPAGOSAOTSEARDE,"Chapter 10 - JUNK, JUNK DEALERS, PAWNBROKERS, GOLD SALES AND OTHER SECONDHAND ARTICLE DEALERS"
Montgomery,https://library.municode.com/il/montgomery/codes/code_of_ordinances?nodeId=COOR_CH11MOVETR,Chapter 11 - MOTOR VEHICLES AND TRAFFIC
Montgomery,https://library.municode.com/il/montgomery/codes/code_of_ordinances?nodeId=COOR_CH12OFIS,Chapter 12 - OFFENSES—MISCELLANEOUS
Montgomery,https://library.municode.com/il/montgomery/codes/code_of_ordinances?nodeId=COOR_CH13PECASO,"Chapter 13 - PEDDLERS, CANVASSERS AND SOLICITORS"
Montgomery,https://library.municode.com/il/montgomery/codes/code_of_ordinances?nodeId=COOR_CH14PL,Chapter 14 - PLANNING
Montgomery,https://library.municode.com/il/montgomery/codes/code_of_ordinances?nodeId=COOR_CH15PL,Chapter 15 - PLUMBING
Montgomery,https://library.municode.com/il/montgomery/codes/code_of_ordinances?nodeId=COOR_CH16PO,Chapter 16 - POLICE
Montgomery,https://library.municode.com/il/montgomery/codes/code_of_ordinances?nodeId=COOR_CH16_1-2RA,Chapter 16½ - RAFFLES
Montgomery,https://library.municode.com/il/montgomery/codes/code_of_ordinances?nodeId=COOR_CH16_3-4STMA,Chapter 16¾ - STORMWATER MANAGEMENT
Montgomery,https://library.municode.com/il/montgomery/codes/code_of_ordinances?nodeId=COOR_CH17STSI,Chapter 17 - STREETS AND SIDEWALKS
Montgomery,https://library.municode.com/il/montgomery/codes/code_of_ordinances?nodeId=COOR_CH18TA,Chapter 18 - TAXATION
Montgomery,https://library.municode.com/il/montgomery/codes/code_of_ordinances?nodeId=COOR_CH18_1-4TOPR,Chapter 18¼ - TOBACCO PRODUCTS
Montgomery,https://library.municode.com/il/montgomery/codes/code_of_ordinances?nodeId=COOR_CH18_1-2VE,Chapter 18½ - VEGETATION
Montgomery,https://library.municode.com/il/montgomery/codes/code_of_ordinances?nodeId=COOR_CH20WASE,Chapter 20 - WATER AND SEWERS
Montgomery,https://library.municode.com/il/montgomery/codes/code_of_ordinances?nodeId=COCOTA,CODE COMPARATIVE TABLE
